{
  "options": {
    "summaryTrendStats": [
      "avg",
      "min",
      "med",
      "max",
      "p(90)",
      "p(95)"
    ],
    "summaryTimeUnit": "",
    "noColor": false
  },
  "state": {
    "testRunDurationMs": 291453.264286,
    "isStdOutTTY": true,
    "isStdErrTTY": true
  },
  "metrics": {
    "http_req_duration{expected_response:true}": {
      "contains": "time",
      "values": {
        "avg": 232.71124722082934,
        "min": 105.593595,
        "med": 187.80546249999998,
        "max": 1648.691239,
        "p(90)": 384.9798376999999,
        "p(95)": 475.29533814999945
      },
      "type": "trend"
    },
    "http_req_sending": {
      "type": "trend",
      "contains": "time",
      "values": {
        "max": 7.940444,
        "p(90)": 0.032188499999999995,
        "p(95)": 0.037742349999999966,
        "avg": 0.021775491780821853,
        "min": 0.00655,
        "med": 0.020912
      }
    },
    "group_duration": {
      "type": "trend",
      "contains": "time",
      "values": {
        "p(90)": 387.13925020000005,
        "p(95)": 477.7776886,
        "avg": 233.60721764585728,
        "min": 105.643809,
        "med": 188.397327,
        "max": 1648.75304
      }
    },
    "http_req_waiting": {
      "values": {
        "avg": 231.6187520975857,
        "min": 105.555332,
        "med": 186.798346,
        "max": 1648.625769,
        "p(90)": 383.0756913999998,
        "p(95)": 472.68366994999974
      },
      "type": "trend",
      "contains": "time"
    },
    "iteration_duration": {
      "values": {
        "min": 718.22352,
        "med": 896.472339,
        "max": 2687.045274,
        "p(90)": 1249.7822205,
        "p(95)": 1381.468233049999,
        "avg": 967.9543565362515
      },
      "type": "trend",
      "contains": "time"
    },
    "criar_duration": {
      "type": "trend",
      "contains": "default",
      "values": {
        "p(90)": 421,
        "p(95)": 528,
        "avg": 256.93667224843966,
        "min": 109,
        "med": 209,
        "max": 1649
      },
      "thresholds": {
        "p(95)<3000": {
          "ok": true
        }
      }
    },
    "data_received": {
      "type": "counter",
      "contains": "data",
      "values": {
        "count": 51348818,
        "rate": 176181.9965399734
      }
    },
    "http_req_blocked": {
      "values": {
        "avg": 0.8622135944444429,
        "min": 0.000049,
        "med": 0.00017,
        "max": 386.121027,
        "p(90)": 0.000216,
        "p(95)": 0.000239
      },
      "type": "trend",
      "contains": "time"
    },
    "http_req_connecting": {
      "type": "trend",
      "contains": "time",
      "values": {
        "p(95)": 0,
        "avg": 0.426467700456621,
        "min": 0,
        "med": 0,
        "max": 172.69715,
        "p(90)": 0
      }
    },
    "checks": {
      "type": "rate",
      "contains": "default",
      "values": {
        "rate": 1,
        "passes": 59131,
        "fails": 0
      }
    },
    "data_sent": {
      "type": "counter",
      "contains": "data",
      "values": {
        "count": 5096593,
        "rate": 17486.82764794416
      }
    },
    "http_req_failed": {
      "type": "rate",
      "contains": "default",
      "values": {
        "rate": 0,
        "passes": 0,
        "fails": 39420
      },
      "thresholds": {
        "rate<0.25": {
          "ok": true
        }
      }
    },
    "http_reqs": {
      "type": "counter",
      "contains": "default",
      "values": {
        "count": 39420,
        "rate": 135.25324582166138
      }
    },
    "iterations": {
      "values": {
        "count": 19694,
        "rate": 67.57172560151699
      },
      "type": "counter",
      "contains": "default"
    },
    "vus_max": {
      "type": "gauge",
      "contains": "default",
      "values": {
        "max": 150,
        "value": 150,
        "min": 150
      }
    },
    "http_req_tls_handshaking": {
      "contains": "time",
      "values": {
        "min": 0,
        "med": 0,
        "max": 205.352111,
        "p(90)": 0,
        "p(95)": 0,
        "avg": 0.43517371425672224
      },
      "type": "trend"
    },
    "vus": {
      "type": "gauge",
      "contains": "default",
      "values": {
        "value": 27,
        "min": 0,
        "max": 150
      }
    },
    "http_req_receiving": {
      "contains": "time",
      "values": {
        "med": 0.0219445,
        "max": 669.920897,
        "p(90)": 1.8839456999999997,
        "p(95)": 3.8939553499999837,
        "avg": 1.0707196314561078,
        "min": 0.005254
      },
      "type": "trend"
    },
    "marcacoes_duration": {
      "values": {
        "med": 169,
        "max": 1223,
        "p(90)": 349,
        "p(95)": 422,
        "avg": 210.23163555194805,
        "min": 106
      },
      "thresholds": {
        "p(95)<2000": {
          "ok": true
        }
      },
      "type": "trend",
      "contains": "default"
    },
    "http_req_duration": {
      "type": "trend",
      "contains": "time",
      "values": {
        "avg": 232.71124722082934,
        "min": 105.593595,
        "med": 187.80546249999998,
        "max": 1648.691239,
        "p(90)": 384.9798376999999,
        "p(95)": 475.29533814999945
      }
    }
  },
  "setup_data": {
    "auth": {
      "headers": {
        "Content-Type": "application/json",
        "Cookie": "jwt=eyJhbGciOiJIUzUxMiJ9.eyJ0ZWxlZm9uZSI6Ijk5OTk5OTk5OCIsImVtYWlsIjoic2VjcmV0YXJpYUBmbG9yaW5oYXNkb3ZvdWdhLnB0Iiwibm9tZSI6IkZ1bmNpb27DoXJpbyBTZWNyZXRhcmlhIiwicm9sZXMiOlsiUk9MRV9TRUNSRVRBUklBIl0sInVzZXJJZCI6MSwicm9sZSI6IlNFQ1JFVEFSSUEiLCJuaWYiOiI5OTk5OTk5OTgiLCJzdWIiOiJzZWNyZXRhcmlhQGZsb3Jpbmhhc2Rvdm91Z2EucHQiLCJpYXQiOjE3NzkwMTY4ODgsImV4cCI6MTc3OTEwMzI4OH0.1XUynAO8YnQPjwu3ki9D0Ypyuh1UHz2IaVFexOnsHvOmCvmMui0eQ4irXaXbVsCkar0AculN_IBdR7fdMMiJuA; XSRF-TOKEN=50f50b8d-1337-4f4b-8965-0c2ed0a6045c",
        "X-Forwarded-For": "128.227.117.156",
        "X-XSRF-TOKEN": "50f50b8d-1337-4f4b-8965-0c2ed0a6045c"
      }
    }
  },
  "root_group": {
    "name": "",
    "path": "",
    "id": "d41d8cd98f00b204e9800998ecf8427e",
    "groups": [
      {
        "path": "::Leitura sob stress",
        "id": "59327c2ccb6406c4b5be7ab04592b47f",
        "groups": [],
        "checks": [
            {
              "name": "responde",
              "path": "::Leitura sob stress::responde",
              "id": "d0926676545690bf985007612230f435",
              "passes": 19712,
              "fails": 0
            },
            {
              "id": "808643c9dd8a926f9e8a1378a6da8498",
              "passes": 19712,
              "fails": 0,
              "name": "sem crash",
              "path": "::Leitura sob stress::sem crash"
            }
          ],
        "name": "Leitura sob stress"
      },
      {
        "checks": [
          {
            "name": "escrita ok",
            "path": "::Escrita sob stress::escrita ok",
            "id": "935d2560c05f2db1505750e139295bde",
            "passes": 19707,
            "fails": 0
          }
        ],
        "name": "Escrita sob stress",
        "path": "::Escrita sob stress",
        "id": "b225aed1238b18f0ea2e74cc90c9f66a",
        "groups": []
      }
    ],
    "checks": []
  }
}