{"metrics":{"errors":{"contains":"default","values":{"rate":0,"passes":0,"fails":0},"thresholds":{"rate<0.1":{"ok":true}},"type":"rate"},"http_req_tls_handshaking":{"type":"trend","contains":"time","values":{"avg":0,"min":0,"med":0,"max":0,"p(90)":0,"p(95)":0}},"data_sent":{"type":"counter","contains":"data","values":{"count":5039820,"rate":15231.618780285533}},"http_req_sending":{"type":"trend","contains":"time","values":{"avg":0.01756717187816239,"min":0.001761,"med":0.0134415,"max":0.839068,"p(90)":0.03317160000000001,"p(95)":0.040006499999999987}},"checks":{"values":{"rate":1,"passes":6588,"fails":0},"type":"rate","contains":"default"},"vus":{"type":"gauge","contains":"default","values":{"value":2,"min":1,"max":50}},"http_req_duration":{"contains":"time","values":{"p(90)":48.6985851,"p(95)":49.796270549999996,"avg":16.984829653764255,"min":0.366218,"med":1.6995395000000002,"max":67.879813},"thresholds":{"p(95)<2000":{"ok":true}},"type":"trend"},"http_reqs":{"type":"counter","contains":"default","values":{"count":19764,"rate":59.73183835406092}},"http_req_duration{expected_response:true}":{"type":"trend","contains":"time","values":{"avg":24.812441816863835,"min":0.470148,"med":27.063174,"max":67.879813,"p(90)":49.3634335,"p(95)":50.3764285}},"vus_max":{"type":"gauge","contains":"default","values":{"value":50,"min":50,"max":50}},"data_received":{"type":"counter","contains":"data","values":{"rate":30045.11469209264,"count":9941292}},"http_req_waiting":{"type":"trend","contains":"time","values":{"avg":16.888361196114147,"min":0.317046,"med":1.6015605,"max":67.481014,"p(90)":48.5967547,"p(95)":49.67537085}},"iteration_duration":{"type":"trend","contains":"time","values":{"avg":1252.525990098058,"min":1247.243701,"med":1252.0212150000002,"max":1278.451334,"p(90)":1255.7759674000001,"p(95)":1257.1537488}},"iterations":{"type":"counter","contains":"default","values":{"count":6588,"rate":19.910612784686972}},"login_errors":{"type":"rate","contains":"default","values":{"rate":0,"passes":0,"fails":0},"thresholds":{"rate<0.05":{"ok":true}}},"http_req_connecting":{"type":"trend","contains":"time","values":{"med":0,"max":0.797919,"p(90)":0.15025730000000004,"p(95)":0.18311414999999998,"avg":0.041905704715644546,"min":0}},"http_req_receiving":{"values":{"med":0.06293599999999999,"max":1.295162,"p(90)":0.1411086,"p(95)":0.20091104999999998,"avg":0.07890128577211085,"min":0.006368},"type":"trend","contains":"time"},"marcacao_errors":{"contains":"default","values":{"rate":0,"passes":0,"fails":0},"thresholds":{"rate<0.15":{"ok":true}},"type":"rate"},"http_req_blocked":{"contains":"time","values":{"avg":0.05797103440599097,"min":0.000522,"med":0.00381,"max":0.96727,"p(90)":0.19547880000000004,"p(95)":0.23220114999999988},"type":"trend"},"http_req_failed":{"type":"rate","contains":"default","values":{"rate":0.3333333333333333,"passes":6588,"fails":13176}}},"root_group":{"name":"","path":"","id":"d41d8cd98f00b204e9800998ecf8427e","groups":[],"checks":[{"fails":0,"name":"login OK","path":"::login OK","id":"5c9c70d8955caeac76727d1f0152d70d","passes":6588}]},"options":{"summaryTrendStats":["avg","min","med","max","p(90)","p(95)"],"summaryTimeUnit":"","noColor":false},"state":{"isStdOutTTY":true,"isStdErrTTY":true,"testRunDurationMs":330878.816802}}