{"metrics":{"checks":{"type":"rate","contains":"default","values":{"rate":0.9801142711226021,"passes":30706,"fails":623}},"marcacao_errors":{"contains":"default","values":{"rate":0.1590909090909091,"passes":623,"fails":3293},"thresholds":{"rate<0.2":{"ok":true}},"type":"rate"},"vus_max":{"type":"gauge","contains":"default","values":{"value":25,"min":25,"max":25}},"http_req_failed":{"type":"rate","contains":"default","values":{"rate":0.03975749840459477,"passes":623,"fails":15047}},"errors":{"thresholds":{"rate<0.15":{"ok":false}},"type":"rate","contains":"default","values":{"rate":0.1590909090909091,"passes":623,"fails":3293}},"http_req_duration":{"type":"trend","contains":"time","values":{"avg":61.260086826164795,"min":0.64402,"med":63.519256,"max":260.464099,"p(90)":159.35078710000002,"p(95)":177.0255512},"thresholds":{"p(95)<2500":{"ok":true}}},"http_req_waiting":{"type":"trend","contains":"time","values":{"p(95)":175.67610564999998,"avg":60.9012910074024,"min":0.577023,"med":63.432343,"max":258.847947,"p(90)":158.2804407}},"data_received":{"values":{"count":1000420810,"rate":3333656.5216111536},"type":"counter","contains":"data"},"iterations":{"type":"counter","contains":"default","values":{"count":3916,"rate":13.049107743599693}},"http_req_sending":{"contains":"time","values":{"p(90)":0.035628400000000005,"p(95)":0.0538381,"avg":0.0181834024888321,"min":0.002666,"med":0.012115500000000001,"max":0.845378},"type":"trend"},"data_sent":{"type":"counter","contains":"data","values":{"count":8153555,"rate":27169.71851081869}},"iteration_duration":{"type":"trend","contains":"time","values":{"max":1354.828751,"p(90)":1303.1583959999998,"p(95)":1314.398932,"avg":1248.9597038008208,"min":1140.587817,"med":1251.7639435}},"login_errors":{"contains":"default","values":{"rate":0,"passes":0,"fails":3916},"thresholds":{"rate<0.05":{"ok":true}},"type":"rate"},"http_req_blocked":{"type":"trend","contains":"time","values":{"avg":0.039868048627951506,"min":0.000656,"med":0.0030155,"max":1.071713,"p(90)":0.1595712,"p(95)":0.24628349999999985}},"http_req_receiving":{"type":"trend","contains":"time","values":{"avg":0.3406124162731323,"min":0.010077,"med":0.09803,"max":3.807281,"p(90)":1.0318844,"p(95)":1.4925422499999992}},"http_req_connecting":{"type":"trend","contains":"time","values":{"med":0,"max":0.647657,"p(90)":0.10773050000000002,"p(95)":0.17918434999999971,"avg":0.026892840842373936,"min":0}},"vus":{"type":"gauge","contains":"default","values":{"max":25,"value":1,"min":1}},"http_req_duration{expected_response:true}":{"type":"trend","contains":"time","values":{"p(95)":177.97491389999996,"avg":63.25878630225304,"min":0.64402,"med":64.087239,"max":260.464099,"p(90)":160.61081399999998}},"http_reqs":{"type":"counter","contains":"default","values":{"count":15670,"rate":52.21642450005291}},"auth_errors":{"thresholds":{"rate<0.1":{"ok":true}},"type":"rate","contains":"default","values":{"passes":0,"fails":3916,"rate":0}},"http_req_tls_handshaking":{"type":"trend","contains":"time","values":{"min":0,"med":0,"max":0,"p(90)":0,"p(95)":0,"avg":0}}},"setup_data":{"users":[{"nif":"123456781","nome":"K6 User 1","password":"Test1234","email":"k6test1@gmail.com"},{"password":"User5678","email":"k6test2@gmail.com","nif":"123456782","nome":"K6 User 2"},{"email":"k6test3@gmail.com","nif":"123456783","nome":"K6 User 3","password":"Load9012"},{"email":"k6test4@gmail.com","nif":"123456784","nome":"K6 User 4","password":"Perf3456"},{"email":"k6test5@gmail.com","nif":"123456785","nome":"K6 User 5","password":"Auto7890"}]},"root_group":{"name":"","path":"","id":"d41d8cd98f00b204e9800998ecf8427e","groups":[{"id":"5c0f8025f7e0b6654089e5b00e950f1a","groups":[],"checks":[{"name":"health endpoint reachable","path":"::setup::health endpoint reachable","id":"e2248a8a496d1708095900e7e3810d3c","passes":1,"fails":0}],"name":"setup","path":"::setup"}],"checks":[{"id":"a9f04e9f501317c68a9f824e04811bea","passes":3916,"fails":0,"name":"login status 200","path":"::login status 200"},{"fails":0,"name":"login body has user id","path":"::login body has user id","id":"8e442bb91a18a9064af6b2cc3a89efbd","passes":3916},{"name":"jwt cookie present","path":"::jwt cookie present","id":"9720f5bfab940d24d95bfd9c3a1049f6","passes":3916,"fails":0},{"path":"::csrf cookie present","id":"eba81767740539019095651da3e29c87","passes":3916,"fails":0,"name":"csrf cookie present"},{"path":"::load auth me 200","id":"67bf3791f4b5bee5c83851afa0deb426","passes":3916,"fails":0,"name":"load auth me 200"},{"fails":0,"name":"load list status 200","path":"::load list status 200","id":"440afbb53d482efc553de59ed3ea37bd","passes":3916},{"fails":0,"name":"load list body is array","path":"::load list body is array","id":"9f269d1c88aee3f6c74a2826c76739ac","passes":3916},{"name":"load create status acceptable","path":"::load create status acceptable","id":"f7a1de62f0a1567c524f6efd5f2be516","passes":3293,"fails":623}]},"options":{"summaryTrendStats":["avg","min","med","max","p(90)","p(95)"],"summaryTimeUnit":"","noColor":false},"state":{"isStdOutTTY":true,"isStdErrTTY":true,"testRunDurationMs":300097.146636}}