{"state":{"isStdOutTTY":true,"isStdErrTTY":true,"testRunDurationMs":180289.923744},"metrics":{"data_received":{"type":"counter","contains":"data","values":{"count":1073347323,"rate":5953451.533564813}},"http_reqs":{"type":"counter","contains":"default","values":{"count":18873,"rate":104.68139099553026}},"http_req_waiting":{"type":"trend","contains":"time","values":{"p(95)":405.08865159999993,"avg":180.2587816234304,"min":0.610138,"med":164.807789,"max":733.168521,"p(90)":342.999465}},"iteration_duration":{"contains":"time","values":{"max":2833.912305,"p(90)":2198.100754,"p(95)":2254.7162599999997,"avg":1735.034019990796,"min":1151.306846,"med":1794.024112},"type":"trend"},"iterations":{"type":"counter","contains":"default","values":{"count":4673,"rate":25.9193631177933}},"http_req_duration":{"type":"trend","contains":"time","values":{"p(90)":343.3449326,"p(95)":405.42620859999994,"avg":180.61769378816234,"min":0.67155,"med":165.513873,"max":734.646709},"thresholds":{"p(95)<3500":{"ok":true}}},"http_req_tls_handshaking":{"type":"trend","contains":"time","values":{"avg":0,"min":0,"med":0,"max":0,"p(90)":0,"p(95)":0}},"http_req_duration{expected_response:true}":{"type":"trend","contains":"time","values":{"avg":180.35832280725145,"min":0.67155,"med":165.207026,"max":734.646709,"p(90)":343.3506547,"p(95)":405.9836539499997}},"http_req_failed":{"type":"rate","contains":"default","values":{"fails":18698,"rate":0.009272505695967785,"passes":175},"thresholds":{"rate<0.2":{"ok":true}}},"vus":{"type":"gauge","contains":"default","values":{"max":90,"value":1,"min":1}},"http_req_sending":{"type":"trend","contains":"time","values":{"avg":0.017187539394902748,"min":0.002554,"med":0.013015,"max":1.269205,"p(90)":0.030141199999999993,"p(95)":0.03714459999999999}},"vus_max":{"type":"gauge","contains":"default","values":{"min":90,"max":90,"value":90}},"http_req_connecting":{"contains":"time","values":{"p(95)":0.10765479999999991,"avg":0.022757921316165934,"min":0,"med":0,"max":4.067789,"p(90)":0.09077339999999998},"type":"trend"},"data_sent":{"type":"counter","contains":"data","values":{"count":9873494,"rate":54764.53589286399}},"http_req_blocked":{"type":"trend","contains":"time","values":{"p(95)":0.15734679999999995,"avg":0.034978286758861894,"min":0.000593,"med":0.003206,"max":4.383528,"p(90)":0.1314666}},"checks":{"type":"rate","contains":"default","values":{"rate":1,"passes":37385,"fails":0}},"auth_errors":{"type":"rate","contains":"default","values":{"passes":0,"fails":4673,"rate":0},"thresholds":{"rate<0.2":{"ok":true}}},"errors":{"type":"rate","contains":"default","values":{"fails":4673,"rate":0,"passes":0},"thresholds":{"rate<0.35":{"ok":true}}},"http_req_receiving":{"values":{"med":0.106566,"max":4.054492,"p(90)":1.2076297999999996,"p(95)":1.4380521999999993,"avg":0.3417246253377819,"min":0.012841},"type":"trend","contains":"time"},"login_errors":{"thresholds":{"rate<0.12":{"ok":true}},"type":"rate","contains":"default","values":{"rate":0,"passes":0,"fails":4673}},"marcacao_errors":{"type":"rate","contains":"default","values":{"rate":0,"passes":0,"fails":4673},"thresholds":{"rate<0.4":{"ok":true}}}},"setup_data":{"users":[{"email":"k6test1@gmail.com","nif":"123456781","nome":"K6 User 1","password":"Test1234"},{"email":"k6test2@gmail.com","nif":"123456782","nome":"K6 User 2","password":"User5678"},{"email":"k6test3@gmail.com","nif":"123456783","nome":"K6 User 3","password":"Load9012"},{"nif":"123456784","nome":"K6 User 4","password":"Perf3456","email":"k6test4@gmail.com"},{"nome":"K6 User 5","password":"Auto7890","email":"k6test5@gmail.com","nif":"123456785"}]},"root_group":{"name":"","path":"","id":"d41d8cd98f00b204e9800998ecf8427e","groups":[{"checks":[{"path":"::setup::health endpoint reachable","id":"e2248a8a496d1708095900e7e3810d3c","passes":1,"fails":0,"name":"health endpoint reachable"}],"name":"setup","path":"::setup","id":"5c0f8025f7e0b6654089e5b00e950f1a","groups":[]}],"checks":[{"name":"login status 200","path":"::login status 200","id":"a9f04e9f501317c68a9f824e04811bea","passes":4673,"fails":0},{"id":"8e442bb91a18a9064af6b2cc3a89efbd","passes":4673,"fails":0,"name":"login body has user id","path":"::login body has user id"},{"name":"jwt cookie present","path":"::jwt cookie present","id":"9720f5bfab940d24d95bfd9c3a1049f6","passes":4673,"fails":0},{"id":"eba81767740539019095651da3e29c87","passes":4673,"fails":0,"name":"csrf cookie present","path":"::csrf cookie present"},{"passes":4673,"fails":0,"name":"spike auth me 200","path":"::spike auth me 200","id":"b1ec4fdcd9df4a0a0a5f07b08d43e050"},{"name":"spike list status 200","path":"::spike list status 200","id":"86eb7ee4da909e7300b23b4dd927dfd4","passes":4673,"fails":0},{"id":"3328d7973fbece9ae9a85ba819e58d58","passes":4673,"fails":0,"name":"spike list body is array","path":"::spike list body is array"},{"name":"spike create status acceptable","path":"::spike create status acceptable","id":"fe9dee8ed5abd46c052361bbf27340c1","passes":4673,"fails":0}]},"options":{"noColor":false,"summaryTrendStats":["avg","min","med","max","p(90)","p(95)"],"summaryTimeUnit":""}}