{"state":{"isStdOutTTY":true,"isStdErrTTY":true,"testRunDurationMs":300783.318405},"metrics":{"errors":{"type":"rate","contains":"default","values":{"rate":0,"passes":0,"fails":4283},"thresholds":{"rate<0.15":{"ok":true}}},"http_req_sending":{"contains":"time","values":{"avg":0.016886681460933927,"min":0.002598,"med":0.012541,"max":0.546613,"p(90)":0.03139460000000001,"p(95)":0.041886899999999984},"type":"trend"},"http_req_duration{expected_response:true}":{"type":"trend","contains":"time","values":{"p(95)":96.10067784999997,"avg":34.173466490664204,"min":0.624396,"med":12.7120525,"max":190.00003,"p(90)":77.9156742}},"http_req_tls_handshaking":{"type":"trend","contains":"time","values":{"avg":0,"min":0,"med":0,"max":0,"p(90)":0,"p(95)":0}},"http_req_receiving":{"type":"trend","contains":"time","values":{"avg":0.20391712736939552,"min":0.010829,"med":0.09590950000000001,"max":4.061453,"p(90)":0.5614662,"p(95)":0.7971927999999997}},"data_sent":{"type":"counter","contains":"data","values":{"count":9048301,"rate":30082.456194650415}},"vus":{"type":"gauge","contains":"default","values":{"value":1,"min":1,"max":25}},"http_req_blocked":{"type":"trend","contains":"time","values":{"min":0.00078,"med":0.003182,"max":0.698336,"p(90)":0.01624890000000036,"p(95)":0.18770469999999967,"avg":0.024661613615349073}},"http_reqs":{"type":"counter","contains":"default","values":{"count":17304,"rate":57.529786198782595}},"http_req_duration":{"contains":"time","values":{"avg":33.89265129767703,"min":0.624396,"med":11.6119985,"max":190.00003,"p(90)":77.7623489,"p(95)":95.7030913},"thresholds":{"p(95)<2500":{"ok":true}},"type":"trend"},"http_req_failed":{"type":"rate","contains":"default","values":{"rate":0.009593157651410078,"passes":166,"fails":17138}},"iterations":{"contains":"default","values":{"rate":14.239486493838758,"count":4283},"type":"counter"},"http_req_connecting":{"contains":"time","values":{"p(95)":0.13043409999999972,"avg":0.015519726710587135,"min":0,"med":0,"max":0.590898,"p(90)":0},"type":"trend"},"checks":{"contains":"default","values":{"rate":1,"passes":34265,"fails":0},"type":"rate"},"marcacao_errors":{"thresholds":{"rate<0.2":{"ok":true}},"type":"rate","contains":"default","values":{"rate":0,"passes":0,"fails":4283}},"http_req_waiting":{"type":"trend","contains":"time","values":{"med":11.459436499999999,"max":188.807796,"p(90)":77.42707190000002,"p(95)":95.00246385,"avg":33.67184748884657,"min":0.573635}},"auth_errors":{"contains":"default","values":{"rate":0,"passes":0,"fails":4283},"thresholds":{"rate<0.1":{"ok":true}},"type":"rate"},"vus_max":{"type":"gauge","contains":"default","values":{"max":25,"value":25,"min":25}},"login_errors":{"type":"rate","contains":"default","values":{"rate":0,"passes":0,"fails":4283},"thresholds":{"rate<0.05":{"ok":true}}},"iteration_duration":{"contains":"time","values":{"avg":1141.388122872987,"min":1076.182755,"med":1134.055678,"max":1372.108332,"p(90)":1192.4467886,"p(95)":1210.3255083},"type":"trend"},"data_received":{"type":"counter","contains":"data","values":{"count":495724332,"rate":1648111.120752099}}},"setup_data":{"users":[{"nome":"K6 User 1","password":"Test1234","email":"k6test1@gmail.com","nif":"123456781"},{"email":"k6test2@gmail.com","nif":"123456782","nome":"K6 User 2","password":"User5678"},{"email":"k6test3@gmail.com","nif":"123456783","nome":"K6 User 3","password":"Load9012"},{"email":"k6test4@gmail.com","nif":"123456784","nome":"K6 User 4","password":"Perf3456"},{"password":"Auto7890","email":"k6test5@gmail.com","nif":"123456785","nome":"K6 User 5"}]},"root_group":{"name":"","path":"","id":"d41d8cd98f00b204e9800998ecf8427e","groups":[{"id":"5c0f8025f7e0b6654089e5b00e950f1a","groups":[],"checks":[{"name":"health endpoint reachable","path":"::setup::health endpoint reachable","id":"e2248a8a496d1708095900e7e3810d3c","passes":1,"fails":0}],"name":"setup","path":"::setup"}],"checks":[{"name":"login status 200","path":"::login status 200","id":"a9f04e9f501317c68a9f824e04811bea","passes":4283,"fails":0},{"id":"8e442bb91a18a9064af6b2cc3a89efbd","passes":4283,"fails":0,"name":"login body has user id","path":"::login body has user id"},{"path":"::jwt cookie present","id":"9720f5bfab940d24d95bfd9c3a1049f6","passes":4283,"fails":0,"name":"jwt cookie present"},{"passes":4283,"fails":0,"name":"csrf cookie present","path":"::csrf cookie present","id":"eba81767740539019095651da3e29c87"},{"passes":4283,"fails":0,"name":"load auth me 200","path":"::load auth me 200","id":"67bf3791f4b5bee5c83851afa0deb426"},{"path":"::load list status 200","id":"440afbb53d482efc553de59ed3ea37bd","passes":4283,"fails":0,"name":"load list status 200"},{"fails":0,"name":"load list body is array","path":"::load list body is array","id":"9f269d1c88aee3f6c74a2826c76739ac","passes":4283},{"fails":0,"name":"load create status acceptable","path":"::load create status acceptable","id":"f7a1de62f0a1567c524f6efd5f2be516","passes":4283}]},"options":{"summaryTrendStats":["avg","min","med","max","p(90)","p(95)"],"summaryTimeUnit":"","noColor":false}}