{"metrics":{"data_received":{"type":"counter","contains":"data","values":{"count":11150115,"rate":17986.081003183568}},"http_req_blocked":{"type":"trend","contains":"time","values":{"avg":0.40259429868114877,"min":0.001335,"med":0.0042664999999999995,"max":21.676176,"p(90)":2.1066079000000015,"p(95)":2.8319441500000004}},"iteration_duration":{"type":"trend","contains":"time","values":{"max":151933.234983,"p(90)":90752.628418,"p(95)":109284.04669970003,"avg":36221.22298936218,"min":1112.631411,"med":31720.1129985}},"checks":{"type":"rate","contains":"default","values":{"rate":0.9499326015790487,"passes":4933,"fails":260}},"marcacao_errors":{"type":"rate","contains":"default","values":{"rate":0.387459807073955,"passes":241,"fails":381},"thresholds":{"rate<0.25":{"ok":false}}},"auth_errors":{"contains":"default","values":{"rate":0.0045871559633027525,"passes":3,"fails":651},"thresholds":{"rate<0.15":{"ok":true}},"type":"rate"},"http_req_duration{expected_response:true}":{"type":"trend","contains":"time","values":{"p(90)":22748.176261999997,"p(95)":32155.61725139999,"avg":9050.45655066652,"min":4.892142,"med":5789.134605,"max":58483.876346}},"http_req_duration":{"type":"trend","contains":"time","values":{"med":6066.3207555,"max":58483.876346,"p(90)":23438.6467485,"p(95)":33237.13510265,"avg":9345.18034860085,"min":4.892142},"thresholds":{"p(95)<3500":{"ok":false}}},"http_req_connecting":{"type":"trend","contains":"time","values":{"min":0,"med":0,"max":21.589074,"p(90)":2.0399254000000027,"p(95)":2.7461256499999998,"avg":0.3870826124903027}},"vus":{"type":"gauge","contains":"default","values":{"value":3,"min":1,"max":60}},"login_errors":{"type":"rate","contains":"default","values":{"passes":2,"fails":660,"rate":0.0030211480362537764},"thresholds":{"rate<0.08":{"ok":true}}},"http_req_waiting":{"type":"trend","contains":"time","values":{"min":4.688978,"med":6066.0934835,"max":58481.877904,"p(90)":23438.1926201,"p(95)":33236.94199315,"avg":9344.507935052769}},"iterations":{"contains":"default","values":{"count":624,"rate":1.006564913992954},"type":"counter"},"http_req_failed":{"values":{"rate":0.0973622963537626,"passes":251,"fails":2327},"type":"rate","contains":"default"},"http_req_receiving":{"values":{"avg":0.6426801058960424,"min":0.019621,"med":0.3177535,"max":11.848762,"p(90)":1.5725565000000001,"p(95)":2.351221250000001},"type":"trend","contains":"time"},"errors":{"type":"rate","contains":"default","values":{"fails":376,"rate":0.3974358974358974,"passes":248},"thresholds":{"rate<0.2":{"ok":false}}},"http_req_tls_handshaking":{"type":"trend","contains":"time","values":{"avg":0,"min":0,"med":0,"max":0,"p(90)":0,"p(95)":0}},"http_req_sending":{"type":"trend","contains":"time","values":{"avg":0.029733442203258353,"min":0.004711,"med":0.017574,"max":1.905997,"p(90)":0.0609673,"p(95)":0.0754276}},"data_sent":{"values":{"count":1381771,"rate":2228.9137945079456},"type":"counter","contains":"data"},"vus_max":{"type":"gauge","contains":"default","values":{"value":60,"min":60,"max":60}},"http_reqs":{"type":"counter","contains":"default","values":{"count":2578,"rate":4.158532609413197}}},"setup_data":{"users":[{"email":"k6test1@gmail.com","nif":"123456781","nome":"K6 User 1","password":"Test1234"},{"nome":"K6 User 2","password":"User5678","email":"k6test2@gmail.com","nif":"123456782"},{"email":"k6test3@gmail.com","nif":"123456783","nome":"K6 User 3","password":"Load9012"},{"email":"k6test4@gmail.com","nif":"123456784","nome":"K6 User 4","password":"Perf3456"},{"email":"k6test5@gmail.com","nif":"123456785","nome":"K6 User 5","password":"Auto7890"}]},"root_group":{"groups":[{"name":"setup","path":"::setup","id":"5c0f8025f7e0b6654089e5b00e950f1a","groups":[],"checks":[{"name":"health endpoint reachable","path":"::setup::health endpoint reachable","id":"e2248a8a496d1708095900e7e3810d3c","passes":1,"fails":0}]}],"checks":[{"name":"login status 200","path":"::login status 200","id":"a9f04e9f501317c68a9f824e04811bea","passes":660,"fails":2},{"name":"login body has user id","path":"::login body has user id","id":"8e442bb91a18a9064af6b2cc3a89efbd","passes":660,"fails":2},{"name":"jwt cookie present","path":"::jwt cookie present","id":"9720f5bfab940d24d95bfd9c3a1049f6","passes":660,"fails":2},{"passes":662,"fails":0,"name":"csrf cookie present","path":"::csrf cookie present","id":"eba81767740539019095651da3e29c87"},{"name":"stress auth me 200","path":"::stress auth me 200","id":"6b7813dc10b883e6f4327a794fdaea6c","passes":651,"fails":3},{"name":"stress list status 200","path":"::stress list status 200","id":"fe45e9bfb6f6d825a40d434019699a28","passes":629,"fails":5},{"name":"stress list body is array","path":"::stress list body is array","id":"5a11bd7464ba3fb252a87617be03e047","passes":629,"fails":5},{"name":"stress create status acceptable","path":"::stress create status acceptable","id":"0db0f86816f69f152311fdbb6205ca2a","passes":381,"fails":241}],"name":"","path":"","id":"d41d8cd98f00b204e9800998ecf8427e"},"options":{"summaryTimeUnit":"","noColor":false,"summaryTrendStats":["avg","min","med","max","p(90)","p(95)"]},"state":{"isStdOutTTY":false,"isStdErrTTY":false,"testRunDurationMs":619930.21148}}